url_path,views_total,views_unique
/zellerlab/cayman,56,19
/zellerlab/cayman/issues,28,4
/zellerlab/cayman/issues/17,11,2
/zellerlab/cayman/tree/main/cayman,5,3
/zellerlab/cayman/blob/main/cayman/__main__.py,1,1
/zellerlab/cayman/blob/main/cayman/annotate/__init__.py,1,1
/zellerlab/cayman/blob/main/cayman/annotate/crazy_annotator.py,1,1
/zellerlab/cayman/blob/main/cayman/functions.py,1,1
/zellerlab/cayman/blob/main/cayman/handle_args.py,1,1
/zellerlab/cayman/commit/9d97f224bd3d1cc843dc00672c3f1f6b0bb2ba75,1,1
